City,Latitude,Longitude,Year,Month,Damage_Accident,Injury_Accident,Death_Accident,Saturday,Sunday,Monday,Tuesday,Wednesday,Thuresday,Friday,Day,Night,Inside_City,Outside_City,Small_Car,SUV_Car,Pickup_Truck,Bus,Truck,Water_Truck,Other_Car,Age_Less_18,Age_Above_18,Age_Above_30,Age_Above_40,Age_Above_50,Saudi,Non_Saudi,Married,Single,Educated,Illiterated,Private_License,Commercial_License,Machinery_License,Motorcycle_License,No_License,Valid_License,Expired_License,Collision_with_Vehicle,Collision_with_Fixed_Object,Pedestrian_Run_Over,Animal_Run_Over,Fire,Rollover,Run_Off_Road,Other_Accident_Type,Illegal_Stop,Illegal_Turn,Illegal_Overtaking,Running_Red_Light,Over_Speeding,Under_Drugs_Influence,Other_Accident_Cause,Injuries,Deaths,Uninjured
Hail,27.8289499,40.8183065,1437,9,640,66,15,115,112,110,107,103,90,84,466,255,440,281,281,240,2,1,112,3,82,29,401,331,200,120,880,201,570,511,1079,2,852,155,3,0,71,1008,2,360,15,2,0,5,87,119,133,27,18,21,0,240,0,415,71,18,992
Hail,27.8289499,40.8183065,1437,10,635,69,20,110,117,108,109,102,91,87,451,273,431,293,299,234,1,2,109,2,77,25,405,333,202,119,866,218,587,497,1080,4,556,154,5,9,360,715,9,362,13,1,0,7,81,132,128,25,21,23,0,266,0,389,75,22,987
Hail,27.8289499,40.8183065,1437,11,799,49,24,133,131,128,121,122,125,112,444,428,501,371,399,340,2,1,70,3,157,35,362,244,150,517,1006,302,871,437,1301,7,1156,123,11,0,18,1283,7,436,5,1,0,6,102,145,177,26,35,22,0,401,0,388,56,28,1224
Hail,27.8289499,40.8183065,1437,12,692,50,10,115,122,113,114,107,90,91,488,264,442,310,310,245,2,3,115,1,76,27,410,353,207,131,890,238,570,558,1125,3,949,161,0,7,11,1110,7,376,10,0,0,12,88,144,122,19,23,26,0,281,0,403,57,13,1058
Riyadh,24.713552,46.675297,1438,1,9747,242,99,1770,1679,1454,1405,1386,1217,1177,6021,4067,5419,4669,2914,2566,1922,749,1574,363,0,2884,4692,6548,3216,979,10922,7397,12691,5628,18243,76,9614,1760,0,0,6945,10263,1111,6866,2919,38,4,0,565,289,0,2115,1960,2489,1952,1572,0,0,363,129,17827
Riyadh,24.713552,46.675297,1438,2,8461,264,118,1599,1252,1261,1131,1108,1165,1327,3701,5142,5849,2994,4886,1632,710,149,1361,105,0,1325,4199,5642,3942,853,10934,5027,9769,6192,15873,88,9419,2535,0,0,4007,10082,1872,6112,2701,45,2,0,329,457,0,1037,1175,2456,1830,2345,0,0,404,140,15417
Riyadh,24.713552,46.675297,1438,3,9473,271,106,1691,1705,1105,1192,1371,1431,1355,6411,3439,5732,4118,4996,2975,716,249,809,105,0,1325,4199,5642,3942,853,10947,5014,9879,6082,15876,85,9419,2535,0,0,4007,10082,1872,6397,2976,24,3,0,467,464,0,1346,1485,2786,1859,2374,0,0,428,132,15401
Riyadh,24.713552,46.675297,1438,4,9133,269,112,1400,1344,1376,1390,1320,1347,1337,4739,4775,5416,4098,4625,1645,932,30,2271,11,0,2819,5421,4316,1932,487,9714,5261,8174,6801,14908,67,7782,3902,0,0,3291,8261,3423,4509,2752,30,7,1,1361,970,0,1898,2120,1416,1362,2718,0,0,426,148,14401
Riyadh,24.713552,46.675297,1438,5,9464,239,88,1761,1763,1267,1365,1313,1156,1166,3612,6179,4372,5419,4866,1334,934,73,2571,13,0,2519,5321,4212,1398,478,9671,4257,8114,5814,13901,27,7472,3809,0,0,2647,8415,2866,4936,2758,44,1,3,1362,814,0,1889,2128,1320,1262,3192,0,0,386,123,13419
Riyadh,24.713552,46.675297,1438,6,8704,224,75,1666,1285,1284,1118,1268,1138,1244,4018,4985,5112,3891,2452,1759,2011,674,1195,612,0,2469,3961,4516,3142,2241,9511,6818,11201,5128,16261,68,9481,2116,0,0,4732,10391,1206,5901,2924,45,2,1,325,283,0,1194,1921,2215,1529,2144,0,0,317,94,15918
Riyadh,24.713552,46.675297,1438,7,8435,259,93,1642,1218,1134,1146,1159,1202,1286,3642,5145,4217,4570,2418,1849,1921,521,1124,954,0,2821,3855,3631,3796,1589,9271,6421,10144,5548,15499,193,6663,4278,0,0,4751,8076,2865,4494,2447,48,3,2,524,639,0,1776,1508,1314,1456,2733,0,0,400,120,15172
Riyadh,24.713552,46.675297,1438,8,8803,203,72,1581,1402,1116,1204,1104,1377,1294,3917,5161,6279,2799,3468,1293,737,602,2651,327,0,2731,4125,4772,3668,2217,10054,7459,12302,5211,17422,91,8467,4160,0,0,4886,11613,1014,6271,2673,34,5,2,245,197,0,937,1640,2470,1398,2633,0,0,368,97,17048
Riyadh,24.713552,46.675297,1438,9,6659,242,111,1080,971,1086,966,964,1008,937,2903,4109,4544,2468,2725,913,886,428,1893,167,0,1853,2408,4594,2362,1923,8914,4226,8899,4241,13046,94,5823,3561,0,0,3756,7933,1451,3672,2408,28,5,1,288,153,0,748,1009,1490,1429,2336,0,0,404,123,12613
Riyadh,24.713552,46.675297,1438,10,6243,178,72,1126,983,970,933,876,743,862,2652,3841,4371,2122,2492,1055,826,361,1287,472,0,2579,3882,3694,3121,1721,9294,5703,8146,6851,14920,77,6437,4808,0,0,3752,8644,2601,3184,1207,37,2,1,563,752,0,912,646,1027,1715,2193,0,0,372,107,14518
Riyadh,24.713552,46.675297,1438,11,6213,191,73,1142,1127,891,918,749,784,866,3277,3200,2957,3520,2478,1186,741,369,1058,645,0,2386,3844,3529,3285,835,8277,5602,6873,7006,13811,68,5399,4582,0,0,3898,7489,2492,3174,1305,48,1,1,569,643,0,899,581,1187,1719,2091,0,0,311,89,13389
Riyadh,24.713552,46.675297,1438,12,4708,210,71,905,684,631,650,794,642,683,2129,2860,2492,2497,2137,1239,771,308,462,42,0,1819,2144,2311,1981,1702,4299,5658,5320,4637,9791,166,4231,3247,0,0,2479,3889,3589,1287,2101,42,2,0,762,418,0,504,419,1369,975,1722,0,0,361,97,9499
Qurayyat,31.333333,37.341944,1438,1,437,19,6,66,79,74,47,68,58,70,142,320,452,10,486,215,4,0,202,4,0,89,557,184,71,10,763,148,667,244,895,16,804,72,0,1,34,830,47,443,4,7,0,0,7,1,0,2,25,64,0,197,0,174,25,7,896
Qurayyat,31.333333,37.341944,1438,2,512,7,4,70,70,92,81,83,62,65,184,339,511,12,481,276,21,0,257,4,0,88,626,205,92,28,837,202,720,319,1013,26,892,107,0,7,33,971,35,511,5,3,0,0,4,0,0,11,29,59,0,186,0,238,20,5,1037
Qurayyat,31.333333,37.341944,1438,3,509,15,10,51,86,63,74,90,85,85,160,374,523,11,497,265,18,0,273,4,0,90,680,185,81,21,843,214,735,322,1041,16,917,102,0,4,34,980,43,523,2,3,1,0,4,0,1,8,28,52,1,216,0,229,42,10,1039
Qurayyat,31.333333,37.341944,1438,4,491,20,3,77,72,75,52,70,70,98,151,363,500,14,514,243,16,0,236,2,0,106,638,167,72,28,802,209,672,339,997,14,873,84,0,3,51,936,24,497,5,3,1,0,6,0,2,6,29,57,0,194,0,228,31,4,1000
Qurayyat,31.333333,37.341944,1438,5,498,14,5,76,88,78,72,51,81,71,155,362,503,14,550,241,8,0,223,1,0,96,603,214,94,16,829,194,709,314,1000,23,894,77,0,2,50,936,37,505,3,2,0,0,6,0,1,4,29,62,0,209,0,213,29,10,1005
Qurayyat,31.333333,37.341944,1438,6,452,16,4,63,54,66,89,65,71,64,137,335,454,18,448,243,10,0,226,2,0,72,579,183,74,21,760,169,655,274,913,16,841,64,0,1,23,863,43,457,5,3,0,0,7,0,0,4,34,66,0,159,0,209,39,5,915
Qurayyat,31.333333,37.341944,1438,7,412,14,3,48,70,70,39,77,61,64,105,324,412,17,451,195,0,0,200,4,0,78,583,135,40,14,675,175,598,252,850,0,772,48,0,0,30,776,44,420,3,5,0,0,1,0,0,0,32,53,0,173,0,171,22,3,837
Qurayyat,31.333333,37.341944,1438,8,367,15,3,54,53,41,54,56,65,62,95,290,371,14,377,180,8,0,190,3,0,85,508,118,39,8,605,153,557,201,754,4,666,58,0,1,33,694,31,372,2,6,0,0,5,0,0,2,26,52,0,151,0,154,24,3,745
Qurayyat,31.333333,37.341944,1438,9,344,14,2,69,52,41,56,67,38,37,78,282,335,25,359,172,0,0,178,2,0,90,484,101,27,9,548,163,510,201,711,0,634,40,0,0,37,641,33,348,3,3,0,0,6,0,0,0,26,51,0,143,0,140,32,7,692
Qurayyat,31.333333,37.341944,1438,10,211,14,6,27,51,34,29,24,33,33,63,168,204,27,200,131,0,0,118,0,0,51,282,80,31,5,317,132,329,120,439,10,431,9,0,0,9,425,15,218,2,4,0,0,7,0,0,0,25,53,0,61,0,92,43,9,433
Qurayyat,31.333333,37.341944,1438,11,165,22,6,31,27,32,27,33,25,18,58,135,160,33,163,104,0,0,102,0,0,45,220,70,31,3,254,115,282,87,363,6,358,4,0,0,7,345,17,176,4,3,0,0,10,0,0,0,25,47,0,51,0,70,35,8,351
Qurayyat,31.333333,37.341944,1438,12,190,17,5,22,34,39,45,20,28,24,56,156,186,26,178,124,0,0,113,0,0,47,263,67,30,8,302,113,319,96,409,6,400,8,0,0,7,380,28,201,1,2,1,0,7,0,0,0,24,48,3,54,0,83,40,6,394
Asir,19.166667,43.166667,1438,1,2863,53,57,525,393,396,349,390,475,445,1583,1390,1760,1213,2075,1070,782,42,403,80,0,336,1790,1551,512,263,3407,1045,3434,1018,4347,105,3310,766,0,0,376,3628,448,2094,398,257,54,7,139,19,5,189,176,118,13,1526,0,951,171,68,4412
Asir,19.166667,43.166667,1438,2,2067,62,48,259,345,312,323,297,327,314,1549,628,1616,561,1762,975,706,11,185,25,3,124,1585,1195,584,179,2841,826,2982,685,3553,114,2917,402,0,0,348,3102,217,1702,228,43,26,5,167,6,0,110,143,238,6,1431,0,249,180,58,3663
Asir,19.166667,43.166667,1438,3,2315,61,47,347,370,343,367,348,344,304,1552,871,1665,758,1942,852,754,11,381,32,3,194,1507,1403,590,281,2955,1020,2928,1047,3822,153,3130,536,2,0,307,3552,116,1866,139,23,32,2,167,194,0,134,98,139,35,1159,0,858,177,65,4002
Asir,19.166667,43.166667,1438,4,2167,67,45,375,290,283,262,349,402,318,1356,923,1682,597,1904,884,817,62,424,49,0,324,1608,1334,590,284,3020,1120,3157,983,4058,82,3033,635,3,0,469,3277,394,1571,236,178,33,0,152,109,0,198,49,53,0,1428,0,551,184,59,4111
Asir,19.166667,43.166667,1438,5,2084,54,55,297,324,268,289,278,417,320,1558,635,1805,388,1821,902,738,30,175,45,0,192,1588,1229,565,137,2631,1080,2920,791,3561,150,3034,539,1,0,137,3329,245,1648,230,57,44,5,187,22,0,147,89,216,38,1251,0,452,186,60,3715
Asir,19.166667,43.166667,1438,6,1863,76,47,254,276,273,242,319,310,312,1165,821,1031,955,1499,600,528,14,171,25,0,187,1216,878,435,121,2148,689,2119,718,2693,144,2180,338,0,0,319,2304,214,1427,222,109,55,1,148,24,0,129,101,284,19,1035,0,418,202,55,2847
Asir,19.166667,43.166667,1438,7,2386,76,51,364,351,350,346,341,428,333,1421,1092,2069,444,2179,944,1253,170,202,28,0,162,1848,1717,803,246,3360,1416,2864,1912,4663,113,3749,734,0,0,293,4384,99,1782,293,15,4,0,282,137,0,34,210,214,1327,0,0,728,224,67,4687
Asir,19.166667,43.166667,1438,8,2556,68,64,406,340,325,346,449,429,393,1505,1183,1795,893,2099,701,1135,13,479,25,22,268,1772,1335,663,436,3175,1299,2470,2004,4322,152,3267,804,0,0,403,3680,391,1832,303,42,2,,287,222,0,263,218,339,1,1436,0,431,214,83,4473
Asir,19.166667,43.166667,1438,9,1382,82,69,233,173,149,246,228,183,321,951,582,1002,531,1059,408,845,13,26,9,0,175,1039,621,435,90,1963,397,2024,336,2340,20,1967,183,0,0,209,1990,160,553,390,134,104,2,334,16,0,56,55,238,2,831,0,351,245,91,2261
Asir,19.166667,43.166667,1438,10,1250,71,63,248,182,172,155,125,273,229,1003,381,1103,281,971,558,720,7,67,12,0,53,1166,589,464,63,2019,316,1952,383,2312,23,1736,427,0,0,173,2063,100,952,253,68,10,0,100,1,0,34,50,49,968,0,0,283,218,83,2304
Asir,19.166667,43.166667,1438,11,1717,62,45,406,208,214,224,147,313,312,1022,802,1529,295,1273,995,990,2,101,3,0,256,1228,1021,637,222,3026,338,2634,730,3336,28,2591,313,0,0,460,2818,86,1102,218,159,46,2,295,2,0,36,21,76,2,1231,0,458,168,62,3298
Asir,19.166667,43.166667,1438,12,1144,73,55,387,133,149,118,124,120,241,798,474,1014,258,1058,505,672,3,54,30,0,319,914,555,359,175,1870,452,1902,420,2265,57,1795,183,0,0,344,1574,404,752,115,101,66,2,236,0,0,80,44,46,22,745,0,335,199,77,2633
Jazan,17.333333,42.666667,1438,1,1872,178,31,185,366,322,371,399,154,284,1083,998,1101,980,1102,1981,535,36,110,61,141,451,1214,936,812,553,2343,1623,2336,1630,3781,185,2133,1208,0,5,620,2750,596,1126,406,27,3,0,136,114,269,162,260,217,41,417,0,984,161,39,3829
Jazan,17.333333,42.666667,1438,2,1741,174,34,254,301,290,280,275,276,273,1155,794,875,1074,1609,781,812,8,297,49,194,281,1976,953,473,67,2648,1102,2489,1261,3520,230,1965,1193,19,4,569,2852,329,1057,189,28,1,2,232,301,139,261,218,251,29,516,0,674,210,49,3819
Jazan,17.333333,42.666667,1438,3,1645,114,43,151,314,251,306,266,316,198,977,825,713,1089,1789,302,514,4,376,36,104,376,1256,832,514,147,2232,893,1867,1258,2809,316,2149,612,0,9,355,2429,341,1027,298,22,0,0,135,119,201,361,139,211,24,610,0,457,215,48,3080
Jazan,17.333333,42.666667,1438,4,1649,114,37,146,321,276,301,254,311,191,1186,614,815,985,1355,355,423,9,370,51,33,174,1192,958,153,119,1843,753,1686,910,2397,199,1922,61,0,0,613,1857,126,1134,288,46,1,1,78,215,37,432,122,173,18,512,0,543,220,50,2591
Jazan,17.333333,42.666667,1438,5,1596,106,52,174,312,315,302,231,236,184,879,875,768,986,1612,917,469,28,89,87,114,471,840,740,714,551,2113,1203,2076,1240,3091,225,1963,736,41,36,540,2562,214,1192,175,23,2,1,116,79,166,240,145,221,12,506,0,630,222,52,3526
Jazan,17.333333,42.666667,1438,6,1582,89,14,110,254,344,314,279,265,119,861,824,735,950,1687,982,114,21,53,32,155,523,895,731,407,488,2004,1040,1695,1349,2884,160,1845,642,38,29,490,2353,201,1172,145,27,3,1,109,59,169,233,148,109,14,584,0,597,172,17,3368
Jazan,17.333333,42.666667,1438,7,1283,68,14,110,214,164,221,279,265,112,712,653,642,723,1613,917,469,28,89,87,116,611,850,741,566,551,1724,1595,1841,1478,3149,170,2120,642,38,29,490,2628,201,1162,52,21,2,0,69,20,39,325,119,47,8,489,0,377,102,19,2987
Jazan,17.333333,42.666667,1438,8,2147,119,26,207,412,363,419,397,284,210,1097,1195,932,1360,1802,1097,610,33,119,41,80,405,1215,823,819,520,2514,1268,2465,1317,3611,171,2061,925,0,3,793,2465,524,1568,236,37,1,0,137,124,189,166,203,210,14,881,0,818,135,28,3953
Jazan,17.333333,42.666667,1438,9,1983,112,31,190,360,421,368,347,285,155,1012,1114,945,1181,1979,1112,448,34,98,63,98,259,1169,1514,569,321,2541,1291,1546,2286,3718,114,2490,513,0,6,823,2264,745,1604,198,33,3,0,165,123,0,156,198,219,36,636,0,881,215,37,3558
Jazan,17.333333,42.666667,1438,10,1586,90,27,190,314,214,368,121,341,155,962,741,732,971,1102,1640,512,26,77,51,86,214,1216,1296,549,219,2258,1236,1325,2169,3387,107,2157,498,0,7,832,2037,625,1120,201,26,0,0,187,169,0,120,142,184,27,598,0,632,178,33,3324
Jazan,17.333333,42.666667,1438,11,1406,77,40,215,203,212,181,216,276,220,1012,511,932,591,1305,632,521,6,180,49,164,264,1152,932,452,57,1699,1158,1823,1034,2763,94,1497,910,16,6,428,1906,523,1021,245,13,2,0,89,56,97,98,212,220,15,520,0,458,187,56,3497
Jazan,17.333333,42.666667,1438,12,1886,164,31,185,366,322,371,399,154,284,1083,998,1101,980,1102,1981,535,36,110,61,141,451,1214,963,812,526,2343,1623,2336,1630,3781,185,2123,1218,0,5,620,2750,596,1126,406,27,3,0,136,114,269,162,260,217,41,412,0,989,190,38,3831
Jeddah,21.5504432,39.1742363,1438,1,5797,172,33,593,1066,994,970,915,984,480,4297,1705,5594,408,16060,714,842,6,0,652,7,1320,2996,3625,2981,1868,4945,7845,8040,4750,12790,0,9719,1725,0,6,1340,10265,1185,4976,924,68,0,0,28,0,6,126,518,148,47,365,0,4798,248,39,12225
Jeddah,21.5504432,39.1742363,1438,2,4829,184,35,399,1128,782,692,805,828,414,4661,387,4703,345,8952,722,851,9,19,128,5,1128,3654,2484,1989,1431,4641,6045,3834,6852,10686,0,7604,1128,0,0,1954,7614,1118,4427,498,82,1,0,39,0,1,226,298,158,58,426,0,3882,252,43,10707
Jeddah,21.5504432,39.1742363,1438,3,5178,176,28,427,1179,972,623,748,945,488,4893,489,5039,343,9257,641,759,11,16,131,6,1215,3773,2357,1974,1502,4562,6259,3837,6984,10821,0,7666,1128,0,0,2027,7527,1267,4748,501,86,1,0,42,3,1,189,306,199,64,528,0,4096,266,31,10907
Jeddah,21.5504432,39.1742363,1438,4,4203,186,32,352,918,769,597,614,783,388,4093,328,4048,373,8149,569,784,11,22,145,6,1264,3527,1846,1794,1255,4176,5510,2699,6987,9686,0,6813,1021,0,0,1852,6786,1048,3868,428,87,0,0,38,0,0,148,226,109,22,168,0,3748,312,35,9914
Jeddah,21.5504432,39.1742363,1438,5,4242,194,33,372,922,781,568,624,801,401,4064,405,4125,344,8249,521,791,11,22,139,5,1275,3578,1821,1788,1276,4064,5674,2801,6937,9738,0,6855,1097,0,0,1786,6804,1148,3825,511,91,0,0,42,0,0,163,241,115,19,401,0,3530,313,40,9881
Jeddah,21.5504432,39.1742363,1438,6,4163,175,32,391,922,788,587,624,663,395,3956,414,3990,380,8413,533,815,9,24,141,7,1291,3601,2154,1597,1299,4200,5742,3068,6874,9942,0,6988,1129,0,0,1825,6883,1234,3596,628,96,0,0,47,2,1,128,258,126,29,425,0,3404,248,37,10046
Jeddah,21.5504432,39.1742363,1438,7,4298,184,29,403,922,791,608,685,686,416,4108,403,4153,358,8170,548,917,7,16,156,9,1146,3521,2259,1607,1290,4628,5195,2975,6848,9823,0,6771,1027,0,0,2025,6770,1028,3676,693,85,0,0,53,4,0,118,301,184,33,428,0,3447,306,35,9998
Jeddah,21.5504432,39.1742363,1438,8,3965,179,24,399,715,688,599,751,614,402,3832,336,3828,340,7800,525,874,6,14,141,6,1223,3342,2096,1549,1156,4429,4937,3014,6352,9366,0,6116,1263,0,0,1987,6121,1258,3455,587,77,0,1,48,0,0,236,328,192,61,458,0,2893,254,37,9439
Jeddah,21.5504432,39.1742363,1438,9,2566,147,35,325,512,418,335,355,502,301,1533,1215,2506,242,4908,318,528,5,7,90,5,654,1431,1689,1101,986,2643,3218,2005,3856,5861,0,4097,819,0,0,945,4489,427,2229,394,83,0,0,42,0,0,114,249,88,58,317,0,1922,224,38,5998
Jeddah,21.5504432,39.1742363,1438,10,1710,126,23,225,211,301,211,305,305,301,1029,830,1617,242,4908,318,528,5,7,90,5,489,1147,1400,224,758,2017,2001,1785,2233,4018,0,2254,819,0,0,945,2646,427,1382,394,83,0,0,0,0,0,114,249,88,58,317,0,1033,204,34,418
Jeddah,21.5504432,39.1742363,1438,11,1780,132,27,231,431,298,274,272,226,207,1641,298,1869,70,3380,197,328,4,6,64,3,328,1092,1011,999,552,1898,2084,2167,1815,3982,0,2253,734,0,0,995,2134,853,1487,326,89,0,0,37,0,0,88,125,61,48,402,0,1215,183,27,4145
Jeddah,21.5504432,39.1742363,1438,12,2316,110,25,301,478,366,316,372,320,298,2033,418,2393,58,3852,164,418,5,7,86,5,402,1156,1034,980,965,2119,2418,2609,1928,4537,0,2957,578,0,0,1002,2793,742,1947,382,76,0,0,42,4,0,65,128,78,59,424,0,1697,176,28,4599
Taif,21.2702801,40.4158308,1438,1,883,204,37,165,179,161,147,176,130,166,619,505,504,620,822,244,290,0,134,39,26,193,535,472,218,137,1069,486,1148,407,1442,113,1250,186,0,0,119,1385,51,609,108,35,24,1,184,138,25,15,12,54,5,124,1,913,326,45,1420
Taif,21.2702801,40.4158308,1438,2,939,193,34,152,154,173,151,201,177,158,655,511,471,695,835,224,302,6,120,36,32,217,517,392,258,171,1070,485,1017,538,1307,248,1241,208,6,0,100,1365,90,611,187,46,22,1,160,118,21,21,28,34,5,244,0,834,272,42,1352
Taif,21.2702801,40.4158308,1438,3,1061,264,40,193,179,187,203,243,172,188,795,570,633,732,1137,246,361,4,124,36,35,267,557,602,305,212,1421,522,1426,517,1911,32,1578,249,2,5,109,1664,170,777,241,46,17,0,146,135,3,15,56,54,10,287,0,943,462,52,1676
Taif,21.2702801,40.4158308,1438,4,1148,287,34,172,227,193,195,213,266,203,800,669,819,650,1511,321,421,8,136,31,11,352,721,798,425,143,1696,743,1814,625,2405,34,1843,426,2,0,168,1982,289,1054,194,37,27,0,124,27,6,11,18,45,0,219,0,1176,420,38,1363
Taif,21.2702801,40.4158308,1438,5,1111,274,26,219,191,168,191,215,187,240,859,552,707,704,1312,314,407,19,161,20,21,281,681,749,357,186,1563,691,1657,597,2222,32,1673,373,7,1,200,1769,285,1010,189,40,13,3,114,37,5,8,12,45,0,184,0,1162,415,33,1802
Taif,21.2702801,40.4158308,1438,6,1143,247,28,203,199,206,219,203,188,200,860,558,718,700,1181,340,418,6,303,24,37,261,808,757,328,155,1712,597,1809,500,2287,22,1658,507,3,0,141,1922,246,993,203,33,33,2,115,23,16,32,61,89,10,160,0,1066,386,29,2223
Taif,21.2702801,40.4158308,1438,7,1084,277,39,185,231,190,178,201,195,220,837,563,652,748,1268,302,472,15,154,29,24,241,844,707,359,113,1587,677,1441,823,2221,43,1693,482,0,0,89,1753,422,1017,139,34,30,1,106,63,10,10,40,75,0,261,0,1014,424,45,2202
Taif,21.2702801,40.4158308,1438,8,1217,255,43,200,249,184,190,235,240,217,959,556,752,763,1567,235,356,9,237,24,79,259,744,727,568,209,1837,670,1664,843,2465,42,1837,530,3,1,136,1961,410,957,253,49,51,1,131,73,0,0,4,16,0,116,0,1379,351,50,2372
Taif,21.2702801,40.4158308,1438,9,1352,187,23,225,219,216,190,251,237,224,950,612,861,701,1456,214,256,5,221,13,45,244,645,561,468,292,1492,718,914,1296,2200,10,1614,454,0,0,142,1668,400,987,224,28,12,0,229,82,0,0,0,0,0,263,0,1299,333,33,1875
Taif,21.2702801,40.4158308,1438,10,1205,242,51,206,234,172,198,253,233,202,768,730,942,556,1389,221,265,9,205,52,78,143,684,724,474,194,1638,581,1584,635,2149,70,1916,186,0,0,117,2069,33,1066,136,41,24,6,101,114,10,46,43,76,49,113,0,1171,333,62,2166
Taif,21.2702801,40.4158308,1438,11,1122,186,26,234,176,180,209,184,167,184,660,674,935,399,1491,189,241,6,114,49,20,168,596,867,348,131,1413,697,1206,904,2095,15,1737,296,0,2,75,1789,246,946,144,39,13,2,100,84,6,8,6,27,2,126,0,1165,264,33,1763
Taif,21.2702801,40.4158308,1438,12,1033,214,40,154,177,178,214,206,167,191,688,599,763,524,1211,240,336,16,107,64,27,214,638,790,257,102,1507,494,1404,597,1944,57,1866,110,0,1,24,1912,65,827,182,43,26,6,124,39,40,18,36,31,15,106,0,1081,393,45,1827
Najran,18,45.666667,1438,1,209,70,16,27,44,48,54,42,39,41,121,174,107,188,203,33,46,1,36,1,27,64,109,89,21,34,204,113,198,119,281,36,164,98,12,0,43,214,60,122,22,5,2,6,36,27,75,39,41,62,21,89,0,43,70,16,327
Najran,18,45.666667,1438,2,235,72,14,30,47,53,58,46,42,45,127,194,120,201,211,36,56,1,37,1,33,74,114,89,27,33,216,121,211,126,292,45,84,198,12,0,43,234,60,127,24,7,3,9,41,33,77,41,43,64,20,80,0,73,72,14,347
Najran,18,45.666667,1438,3,230,78,19,36,41,58,53,51,39,49,126,201,125,202,215,39,56,2,38,2,31,76,111,86,35,36,217,127,217,127,302,42,234,46,9,0,55,235,54,126,27,6,3,9,43,36,77,44,46,62,23,78,33,41,78,19,277
Najran,18,45.666667,1438,4,204,91,15,33,38,51,52,49,36,51,119,191,121,189,213,37,54,1,41,1,27,72,109,85,32,34,209,123,213,119,307,25,237,62,9,0,24,266,42,124,29,8,6,4,42,32,65,18,23,42,9,87,0,131,91,15,248
Najran,18,45.666667,1438,5,111,82,15,33,31,24,28,36,23,33,84,124,96,112,86,33,27,0,38,0,24,44,75,72,24,38,174,79,187,66,236,17,121,109,4,0,19,208,26,84,13,4,1,3,33,41,29,11,13,23,4,63,0,94,82,15,111
Najran,18,45.666667,1438,6,218,63,17,49,57,41,37,43,32,39,130,168,120,178,101,47,46,2,59,0,43,64,76,88,43,41,201,111,217,95,278,34,201,82,6,0,23,275,14,98,21,9,3,6,41,58,62,23,28,43,6,83,0,115,63,17,258
Najran,18,45.666667,1438,7,181,55,17,38,46,33,31,47,27,31,108,145,97,156,88,38,31,0,47,0,49,55,63,67,48,53,191,95,202,84,242,44,222,37,4,0,23,244,19,81,18,3,1,4,29,39,78,27,21,32,2,63,0,108,55,17,221
Najran,18,45.666667,1438,8,193,64,12,40,48,34,39,44,31,33,112,157,78,191,91,39,36,0,52,0,51,56,67,69,54,51,201,96,209,88,258,39,229,41,5,0,22,237,38,88,16,4,1,6,32,41,81,31,23,34,4,59,0,118,64,12,225
Najran,18,45.666667,1438,9,151,70,23,39,41,31,38,37,27,31,101,143,95,149,86,39,32,0,39,0,48,57,66,65,51,49,204,84,207,81,241,47,240,27,4,0,17,244,27,85,13,3,1,4,27,39,72,27,21,29,2,57,0,108,70,23,205
Najran,18,45.666667,1438,10,214,31,10,41,44,34,37,39,29,31,106,149,97,158,88,41,37,0,38,0,51,61,64,68,53,51,211,86,213,84,246,51,248,33,5,0,11,255,31,88,16,4,2,2,28,41,74,31,22,34,3,58,0,107,31,10,256
Najran,18,45.666667,1438,11,141,22,14,31,27,32,30,10,25,22,78,99,80,97,39,33,31,0,30,0,44,61,64,68,53,51,211,86,213,84,246,51,244,33,5,0,15,257,25,57,10,2,1,1,28,38,40,30,23,38,5,48,0,33,42,14,205
Najran,18,45.666667,1438,12,166,48,22,29,36,40,32,29,34,36,138,98,92,144,54,46,43,0,38,0,55,67,68,70,56,58,246,73,231,88,262,57,258,41,7,0,13,265,41,71,21,3,2,4,31,46,58,37,26,41,2,59,0,71,48,22,249
Al-Qassim,26.1942235,43.4565711,1438,1,2261,97,28,347,331,323,348,341,342,354,1287,1099,1324,1062,2037,945,483,25,756,18,254,1074,1213,1468,456,307,3169,1349,2889,1629,4115,403,3608,594,29,18,269,3858,391,1648,0,24,0,0,109,458,147,542,405,438,13,619,0,369,107,31,4380